Workbook

Sheet Infos
B2: Calcul du bilan "dynamique" d'une FDES selon la RE2020
B4: 45061 | C4: V2 | D4: ajout +A2 (et onglet résultat A2)
B5: 44714 | C5: V1 | D5: Version initiale
B7: Licence publique générale GNU (GNU GPL), version 3
B9: par Guillaume Meunier
B11: â HOW-TO â
B13: Etapes 1 :
B14: chercher sur INIES le produit | G14: https://www.inies.fr/
B15: Etape 2 :
B16: Dans l'onglet "Unité fonctionnelle" trouver la DVR
B24: Etape 3a :
B25: voir dans l'onglet "Indicateurs" de quelle norme il s'agit ? (+A1 ou +A2)
B33: Etape 3b :
B34: Toujjours dans l'onglet "Indicateurs" COPIER-COLLER les valeurs du réchauffement climatique
B43: Etape 4 :
B44: coller le CTRL C dans la partie rose de l'onglet "Interface" ici
B49: Etape 5 (seulement si norme +A1) :
B50: Faire de même avec le Module D dans "Afficher les phases optionnelles sur INIES

Sheet Interface +A1
A1: ID | C1: NOM | I1: lien INIES
A2: 28406 | C2: PANNEAU PANOBLOC® - 3 plis et fibre de bois (v.1.2) | I2: ="https://www.base-inies.fr/iniesV4/dist/consultation.html?id="&A2 -> https://www.base-inies.fr/iniesV4/dist/consultation.html?id=28406
A4: Unité fonctionnelle è | B4: Durée de vie de référence (DVR) | C4: 100 | D4: ans
A6: Indicateurs è | C6: COPIER-COLLER DANS LE ROSE | H6: â D est dans les phases optionnelles
C7: Étape de production | D7: Étape du processus de construction | E7: Étape d’utilisation | F7: Étape de fin de vie | G7: Total cycle de vie | H7: D-Bénéfices et charges au-delà des frontières du système
B8: Réchauffement climatique (kg CO2 eq.) | C8: -3.18e+1 | D8: 2.22e+0 | E8: 0.00e+0 | F8: 3.33e+1 | G8: 3.72e+0 | H8: -4.75e+0
C9: ATTENTION parfois l'arrondi de l'affichage du site web Inies est différent des valeurs de la FDES
B11: cherche point | C11: =SEARCH(".",C8) -> 3 | D11: =SEARCH(".",D8) -> 2 | E11: =SEARCH(".",E8) -> 2 | F11: =SEARCH(".",F8) -> 2 | G11: =SEARCH(".",G8) -> 2 | H11: =SEARCH(".",H8) -> 3
B12: "." -> "," | C12: =REPLACE(C8,C11,1,",") -> -3,18e+1 | D12: =REPLACE(D8,D11,1,",") -> 2,22e+0 | E12: =REPLACE(E8,E11,1,",") -> 0,00e+0 | F12: =REPLACE(F8,F11,1,",") -> 3,33e+1 | G12: =REPLACE(G8,G11,1,",") -> 3,72e+0 | H12: =REPLACE(H8,H11,1,",") -> -4,75e+0
B13: Chiffres | C13: =VALUE(C12) -> -31.8 | D13: =VALUE(D12) -> 2.22 | E13: =VALUE(E12) -> 0 | F13: =VALUE(F12) -> 33.3 | G13: =VALUE(G12) -> 3.72 | H13: =VALUE(H12) -> -4.75
C15: A1-A3 | D15: A4-A5 Edifiation | E15: B1-B7 Exploitation | F15: C1-C4 | H15: D
C16: Étape de production | D16: Étape du processus de construction | E16: Étape d’utilisation | F16: Étape de fin de vie | G16: Total cycle de vie | H16: D-Bénéfices et charges au-delà des frontières du système
B17: CHIFFRES (pour excel) è | C17: =ROUND(C13,$C$18) -> -31.8 | D17: =ROUND(D13,$C$18) -> 2.22 | E17: =ROUND(E13,$C$18) -> 0 | F17: =ROUND(F13,$C$18) -> 33.3 | G17: =ROUND(G13,$C$18) -> 3.72 | H17: =IFERROR(ROUND(H13,$C$18),0) -> -4.75
B18: Arrondir les valeurs à X décimales : | C18: 5
D20: t=0 | E20: 0<t<50 | F20: t=50 | G20: TOTAL
C21: Statique (E+C-, 1/3D) | D21: =C17+D17 -> -29.58 | E21: =G21-F21-D21 -> 0 | F21: =F17+H17/3 -> 31.716667 | G21: =(50/(MIN(50,C4))*(G17+(H17/3))) -> 2.1366667
C22: Dynamique (RE2020) | D22: ='Calcul +A1'!D11 -> -29.58 | E22: =SUM('Calcul +A1'!E11:BA12) -> 0 | F22: =SUM('Calcul +A1'!BB11:BB12) -> 16.5019 | G22: ='Calcul +A1'!B13 -> -13.0781
I23: =Infos!C4&", "&Infos!B9 -> V2, par Guillaume Meunier

Sheet Calcul +A1
C1: ALPHA= | D1: =QUOTIENT('Calcul +A1'!J1,M1) -> 0 | F1: Futil= | G1: =('Calcul +A1'!J1/M1)-'Calcul +A1'!D1 -> 0.5 | I1: PER = | J1: 50 | K1: ans | L1: DVE= | M1: ='Interface +A1'!C4 -> 100 | N1: ans
C3: Année | D3: 0 | E3: 1 | F3: 2 | G3: 3 | H3: 4 | I3: 5 | J3: 6 | K3: 7 | L3: 8 | M3: 9 | N3: 10 | O3: 11 | P3: 12 | Q3: 13 | R3: 14 | S3: 15 | T3: 16 | U3: 17 | V3: 18 | W3: 19 | X3: 20 | Y3: 21 | Z3: 22 | AA3: 23 | AB3: 24 | AC3: 25 | AD3: 26 | AE3: 27 | AF3: 28 | AG3: 29 | AH3: 30 | AI3: 31 | AJ3: 32 | AK3: 33 | AL3: 34 | AM3: 35 | AN3: 36 | AO3: 37 | AP3: 38 | AQ3: 39 | AR3: 40 | AS3: 41 | AT3: 42 | AU3: 43 | AV3: 44 | AW3: 45 | AX3: 46 | AY3: 47 | AZ3: 48 | BA3: 49 | BB3: 50
C4: Coef dyn. Art. 11 | D4: ='Art. 11'!E7 -> 1 | E4: ='Art. 11'!F7 -> 0.992 | F4: ='Art. 11'!G7 -> 0.984 | G4: ='Art. 11'!H7 -> 0.976 | H4: ='Art. 11'!I7 -> 0.969 | I4: ='Art. 11'!J7 -> 0.961 | J4: ='Art. 11'!K7 -> 0.953 | K4: ='Art. 11'!L7 -> 0.945 | ... BB4: ='Art. 11'!BC7 -> 0.578
C5: Statique | D5: ='Interface +A1'!C17+'Interface +A1'!D17 -> -29.58 | E5: ='Interface +A1'!$E$17/$M$1 -> 0 | F5: ='Interface +A1'!$E$17/$M$1 -> 0 | G5: ='Interface +A1'!$E$17/$M$1 -> 0 | H5: ='Interface +A1'!$E$17/$M$1 -> 0 | I5: ='Interface +A1'!$E$17/$M$1 -> 0 | J5: ='Interface +A1'!$E$17/$M$1 -> 0 | K5: ='Interface +A1'!$E$17/$M$1 -> 0 | L5: ='Interface +A1'!$E$17/$M$1 -> 0 | ... BA5: ='Interface +A1'!$E$17/$M$1 -> 0 | BB5: =('Interface +A1'!$E$17/M1)+'Interface +A1'!F17+'Interface +A1'!H17 -> 28.55
C6: Dynamique | D6: =D5*D4 -> -29.58 | E6: =E5*E4 -> 0 | F6: =F5*F4 -> 0 | G6: =G5*G4 -> 0 | H6: =H5*H4 -> 0 | I6: =I5*I4 -> 0 | J6: =J5*J4 -> 0 | K6: =K5*K4 -> 0 | ... BB6: =BB5*BB4 -> 16.5019
C7: renouvellement ? (oui/non) | E7: =IF(MOD(E3,$M$1)=0,1,0) -> 0 | F7: =IF(MOD(F3,$M$1)=0,1,0) -> 0 | G7: =IF(MOD(G3,$M$1)=0,1,0) -> 0 | H7: =IF(MOD(H3,$M$1)=0,1,0) -> 0 | I7: =IF(MOD(I3,$M$1)=0,1,0) -> 0 | J7: =IF(MOD(J3,$M$1)=0,1,0) -> 0 | K7: =IF(MOD(K3,$M$1)=0,1,0) -> 0 | L7: =IF(MOD(L3,$M$1)=0,1,0) -> 0 | ... BB7: =IF(MOD(BB3,$M$1)=0,1,0) -> 0
C8: relicat ? (1/Valeur) | E8: =IF($D$1=0,1,IF(MOD(E3,$M$1*$D$1)=0,$G$1,1)) -> 1 | F8: =IF($D$1=0,1,IF(MOD(F3,$M$1*$D$1)=0,$G$1,1)) -> 1 | G8: =IF($D$1=0,1,IF(MOD(G3,$M$1*$D$1)=0,$G$1,1)) -> 1 | H8: =IF($D$1=0,1,IF(MOD(H3,$M$1*$D$1)=0,$G$1,1)) -> 1 | I8: =IF($D$1=0,1,IF(MOD(I3,$M$1*$D$1)=0,$G$1,1)) -> 1 | J8: =IF($D$1=0,1,IF(MOD(J3,$M$1*$D$1)=0,$G$1,1)) -> 1 | K8: =IF($D$1=0,1,IF(MOD(K3,$M$1*$D$1)=0,$G$1,1)) -> 1 | L8: =IF($D$1=0,1,IF(MOD(L3,$M$1*$D$1)=0,$G$1,1)) -> 1 | ... BB8: =IF($D$1=0,1,IF(MOD(BB3,$M$1*$D$1)=0,$G$1,1)) -> 1
C9: Statique | D9: =D7*('Interface +A1'!$C$17+'Interface +A1'!$D$17+'Interface +A1'!$F$17) -> 0 | E9: =E7*('Interface +A1'!$C$17+'Interface +A1'!$D$17+'Interface +A1'!$F$17)*E8 -> 0 | F9: =F7*('Interface +A1'!$C$17+'Interface +A1'!$D$17+'Interface +A1'!$F$17)*F8 -> 0 | G9: =G7*('Interface +A1'!$C$17+'Interface +A1'!$D$17+'Interface +A1'!$F$17)*G8 -> 0 | H9: =H7*('Interface +A1'!$C$17+'Interface +A1'!$D$17+'Interface +A1'!$F$17)*H8 -> 0 | I9: =I7*('Interface +A1'!$C$17+'Interface +A1'!$D$17+'Interface +A1'!$F$17)*I8 -> 0 | J9: =J7*('Interface +A1'!$C$17+'Interface +A1'!$D$17+'Interface +A1'!$F$17)*J8 -> 0 | K9: =K7*('Interface +A1'!$C$17+'Interface +A1'!$D$17+'Interface +A1'!$F$17)*K8 -> 0 | L9: =L7*('Interface +A1'!$C$17+'Interface +A1'!$D$17+'Interface +A1'!$F$17)*L8 -> 0 | ... BB9: =BB7*('Interface +A1'!$C$17+'Interface +A1'!$D$17+'Interface +A1'!$F$17)*BB8 -> 0
C10: Dynamique | D10: =D9*D4 -> 0 | E10: =E9*E4 -> 0 | F10: =F9*F4 -> 0 | G10: =G9*G4 -> 0 | H10: =H9*H4 -> 0 | I10: =I9*I4 -> 0 | J10: =J9*J4 -> 0 | K10: =K9*K4 -> 0 | ... BB10: =BB9*BB4 -> 0
B11: =SUM(D11:BB11) -> -13.0781 | C11: TOTAL | D11: =D10+D6 -> -29.58 | E11: =E10+E6 -> 0 | F11: =F10+F6 -> 0 | G11: =G10+G6 -> 0 | H11: =H10+H6 -> 0 | I11: =I10+I6 -> 0 | J11: =J10+J6 -> 0 | K11: =K10+K6 -> 0 | ... BB11: =BB10+BB6 -> 16.5019
B12: =SUM(D12:BB12) -> 0 | C12: Mod D Renouv ? | E12: =E7*('Interface +A1'!$H$17)*E8*E4 -> 0 | F12: =F7*('Interface +A1'!$H$17)*F8*F4 -> 0 | G12: =G7*('Interface +A1'!$H$17)*G8*G4 -> 0 | H12: =H7*('Interface +A1'!$H$17)*H8*H4 -> 0 | I12: =I7*('Interface +A1'!$H$17)*I8*I4 -> 0 | J12: =J7*('Interface +A1'!$H$17)*J8*J4 -> 0 | K12: =K7*('Interface +A1'!$H$17)*K8*K4 -> 0 | L12: =L7*('Interface +A1'!$H$17)*L8*L4 -> 0 | ... BB12: =BB7*('Interface +A1'!$H$17)*BB8*BB4 -> 0
B13: =SUM(B11:B12) -> -13.0781 | C13: TOTAL + ModD
C14: Page 65 | O14: Page 66

Sheet Art. 11
A1: Années | B1: Cas général, fCO2 | D1: Arrêté du 4 août 2021 relatif aux exigences de performance énergétique
A2: 0 | B2: 1 | D2: NOR : LOGL2107359A
A3: 1 | B3: 0.992 | D3: Article 11.
A4: 2 | B4: 0.984 | D4: Les coefficients de pondération utilisés pour le calcul des indicateurs d’impact sur le changement
A5: 3 | B5: 0.976
A6: 4 | B6: 0.969 | D6: {=TRANSPOSE(A1:B52)} -> Années | E6: 0 | F6: 1 | G6: 2 | H6: 3 | I6: 4 | J6: 5 | K6: 6 | L6: 7 | M6: 8 | N6: 9 | O6: 10 | P6: 11 | Q6: 12 | R6: 13 | S6: 14 | T6: 15 | U6: 16 | V6: 17 | W6: 18 | X6: 19 | Y6: 20 | Z6: 21 | AA6: 22 | AB6: 23 | AC6: 24 | AD6: 25 | AE6: 26 | AF6: 27 | AG6: 28 | AH6: 29 | AI6: 30 | AJ6: 31 | AK6: 32 | AL6: 33 | AM6: 34 | AN6: 35 | AO6: 36 | AP6: 37 | AQ6: 38 | AR6: 39 | AS6: 40 | AT6: 41 | AU6: 42 | AV6: 43 | AW6: 44 | AX6: 45 | AY6: 46 | AZ6: 47 | BA6: 48 | BB6: 49 | BC6: 50
A7: 5 | B7: 0.961 | D7: Cas général, fCO2 | E7: 1 | F7: 0.992 | G7: 0.984 | H7: 0.976 | I7: 0.969 | J7: 0.961 | K7: 0.953 | L7: 0.945 | M7: 0.937 | N7: 0.929 | O7: 0.921 | P7: 0.913 | Q7: 0.905 | R7: 0.897 | S7: 0.889 | T7: 0.88 | U7: 0.872 | V7: 0.864 | W7: 0.856 | X7: 0.848 | Y7: 0.84 | Z7: 0.831 | AA7: 0.823 | AB7: 0.815 | AC7: 0.806 | AD7: 0.798 | AE7: 0.79 | AF7: 0.781 | AG7: 0.773 | AH7: 0.764 | AI7: 0.756 | AJ7: 0.747 | AK7: 0.739 | AL7: 0.73 | AM7: 0.721 | AN7: 0.713 | AO7: 0.704 | AP7: 0.695 | AQ7: 0.686 | AR7: 0.678 | AS7: 0.669 | AT7: 0.66 | AU7: 0.651 | AV7: 0.642 | AW7: 0.633 | AX7: 0.624 | AY7: 0.615 | AZ7: 0.606 | BA7: 0.597 | BB7: 0.587 | BC7: 0.578
A8: 6 | B8: 0.953
A9: 7 | B9: 0.945
A10: 8 | B10: 0.937
A11: 9 | B11: 0.929
A12: 10 | B12: 0.921
A13: 11 | B13: 0.913
A14: 12 | B14: 0.905
A15: 13 | B15: 0.897
A16: 14 | B16: 0.889
A17: 15 | B17: 0.88
A18: 16 | B18: 0.872
A19: 17 | B19: 0.864
... A52: 50 | B52: 0.578

Sheet Interface +A2
A1: ID | C1: NOM | I1: lien INIES
A2: 33806 | C2: Panneau CLT (lamellé-croisé), fabriqué en France par Mathis | I2: ="https://www.base-inies.fr/iniesV4/dist/consultation.html?id="&A2 -> https://www.base-inies.fr/iniesV4/dist/consultation.html?id=33806
A4: Unité fonctionnelle è | B4: Durée de vie de référence (DVR) | C4: 100 | D4: ans
A6: Teneur en carbone biogénique du produit (stockC) | C6: 195 | D6: kgC
A8: Indicateurs è | C8: SI +A2, COPIER-COLLER DANS LE ROSE
C9: Étape de production | D9: Étape du processus de construction | E9: B1-Utilisation | F9: B2-Maintenance | G9: B3-Réparation | H9: B4-Remplacement | I9: B5-Réhabilitation | J9: B6-Utilisation de l’énergie durant l’étape d’utilisation | K9: B7-Utilisation de l’eau durant l’étape d’utilisation | L9: Étape d’utilisation | M9: Étape de fin de vie | N9: Total cycle de vie | O9: D-Bénéfices et charges au-delà des frontières du système
B10: Réchauffement climatique (kg CO2 eq.) | C10: -6.04e+2 | D10: 1.38e+1 | E10: 0.00e+0 | F10: 0.00e+0 | G10: 0.00e+0 | H10: 0.00e+0 | I10: 0.00e+0 | J10: 0.00e+0 | K10: 0.00e+0 | L10: 0.00e+0 | M10: 7.58e+2 | N10: 1.67e+2 | O10: -2.33e+2
C11: ATTENTION parfois l'arrondi de l'affichage du site web Inies est différent des valeurs de la FDES
B13: cherche point | C13: =SEARCH(".",C10) -> 3 | D13: =SEARCH(".",D10) -> 2 | E13: =SEARCH(".",E10) -> 2 | F13: =SEARCH(".",F10) -> 2 | G13: =SEARCH(".",G10) -> 2 | H13: =SEARCH(".",H10) -> 2 | I13: =SEARCH(".",I10) -> 2 | J13: =SEARCH(".",J10) -> 2 | ... O13: =SEARCH(".",O10) -> 3
B14: "." -> "," | C14: =REPLACE(C10,C13,1,",") -> -6,04e+2 | D14: =REPLACE(D10,D13,1,",") -> 1,38e+1 | E14: =REPLACE(E10,E13,1,",") -> 0,00e+0 | F14: =REPLACE(F10,F13,1,",") -> 0,00e+0 | G14: =REPLACE(G10,G13,1,",") -> 0,00e+0 | H14: =REPLACE(H10,H13,1,",") -> 0,00e+0 | I14: =REPLACE(I10,I13,1,",") -> 0,00e+0 | J14: =REPLACE(J10,J13,1,",") -> 0,00e+0 | ... O14: =REPLACE(O10,O13,1,",") -> -2,33e+2
B15: Chiffres | C15: =VALUE(C14) -> -604 | D15: =VALUE(D14) -> 13.8 | E15: =VALUE(E14) -> 0 | F15: =VALUE(F14) -> 0 | G15: =VALUE(G14) -> 0 | H15: =VALUE(H14) -> 0 | I15: =VALUE(I14) -> 0 | J15: =VALUE(J14) -> 0 | ... O15: =VALUE(O14) -> -233
C17: A1-A3 | D17: A4-A5 Edifiation | E17: B1-B7 Exploitation | F17: C1-C4 | H17: D
C18: Étape de production | D18: Étape du processus de construction | E18: Étape d’utilisation | F18: Étape de fin de vie | G18: Total cycle de vie | H18: D-Bénéfices et charges au-delà des frontières du système
B19: CHIFFRES (pour excel) è | C19: =ROUND(C15,$C$20) -> -604 | D19: =ROUND(D15,$C$20) -> 13.8 | E19: =ROUND(L15,$C$20) -> 0 | F19: =ROUND(M15,$C$20) -> 758 | G19: =ROUND(N15,$C$20) -> 167 | H19: =IFERROR(ROUND(O15,$C$20),0) -> -233
B20: Arrondir les valeurs à X décimales : | C20: 5
D22: t=0 | E22: 0<t<50 | F22: t=50 | G22: TOTAL
C23: Statique (E+C-, 1/3D) | D23: =C19+D19 -> -590.2 | E23: =G23-F23-D23 -> -0.8 | F23: =F19+H19/3 -> 680.33333 | G23: =(50/(MIN(50,C4))*(G19+(H19/3))) -> 89.333333
C24: Dynamique (RE2020) | D24: ='Calcul +A2'!D11 -> -590.2 | E24: =SUM('Calcul +A2'!E11:BA12) -> 0 | F24: =SUM('Calcul +A2'!BB11:BB12) -> 303.45 | G24: ='Calcul +A2'!B13 -> -286.75
I25: =Infos!C4&", "&Infos!B9 -> V2, par Guillaume Meunier

Sheet Interface +A2 resultats
C2: =W2 -> Total cycle de vie | D2: =X2 -> D-Bénéfices et charges au-delà des frontières du système | E2: Chiffres | F2: "." -> "," | G2: cherche point | H2: Chiffres | I2: "." -> "," | J2: cherche point | K2: ↓ COPIER COLLER ICI LES 4 LIGNES | L2: Étape de production | M2: Étape du processus de construction | N2: B1-Utilisation | O2: B2-Maintenance | P2: B3-Réparation | Q2: B4-Remplacement | R2: B5-Réhabilitation | S2: B6-Utilisation de l’énergie durant l’étape d’utilisation | T2: B7-Utilisation de l’eau durant l’étape d’utilisation | U2: Étape d’utilisation | V2: Étape de fin de vie | W2: Total cycle de vie | X2: D-Bénéfices et charges au-delà des frontières du système
B3: =K3 -> Changement climatique - total (kg CO2 eq.) | C3: =E3 -> 167 | D3: =H3 -> -233 | E3: =VALUE(F3) -> 167 | F3: =REPLACE(W3,G3,1,",") -> 1,67e+2 | G3: =SEARCH(".",W3) -> 2 | H3: =VALUE(I3) -> -233 | I3: =REPLACE(X3,J3,1,",") -> -2,33e+2 | J3: =SEARCH(".",X3) -> 3 | K3: Changement climatique - total (kg CO2 eq.) | L3: -6.04e+2 | M3: 1.38e+1 | N3: 0.00e+0 | O3: 0.00e+0 | P3: 0.00e+0 | Q3: 0.00e+0 | R3: 0.00e+0 | S3: 0.00e+0 | T3: 0.00e+0 | U3: 0.00e+0 | V3: 7.58e+2 | W3: 1.67e+2 | X3: -2.33e+2
B4: =K4 -> Changement climatique - fossil (kg CO2 eq.) | C4: =E4 -> 150 | D4: =H4 -> -225 | E4: =VALUE(F4) -> 150 | F4: =REPLACE(W4,G4,1,",") -> 1,50e+2 | G4: =SEARCH(".",W4) -> 2 | H4: =VALUE(I4) -> -225 | I4: =REPLACE(X4,J4,1,",") -> -2,25e+2 | J4: =SEARCH(".",X4) -> 3 | K4: Changement climatique - fossil (kg CO2 eq.) | L4: 1.03e+2 | M4: 1.35e+1 | N4: 0.00e+0 | O4: 0.00e+0 | P4: 0.00e+0 | Q4: 0.00e+0 | R4: 0.00e+0 | S4: 0.00e+0 | T4: 0.00e+0 | U4: 0.00e+0 | V4: 3.33e+1 | W4: 1.50e+2 | X4: -2.25e+2
B5: =K5 -> Changement climatique - biogénique (kg CO2 eq.) | C5: =E5 -> 16.7 | D5: =H5 -> -8.35 | E5: =VALUE(F5) -> 16.7 | F5: =REPLACE(W5,G5,1,",") -> 1,67e+1 | G5: =SEARCH(".",W5) -> 2 | H5: =VALUE(I5) -> -8.35 | I5: =REPLACE(X5,J5,1,",") -> -8,35e+0 | J5: =SEARCH(".",X5) -> 3 | K5: Changement climatique - biogénique (kg CO2 eq.) | L5: -7.08e+2 | M5: 3.06e-1 | N5: 0.00e+0 | O5: 0.00e+0 | P5: 0.00e+0 | Q5: 0.00e+0 | R5: 0.00e+0 | S5: 0.00e+0 | T5: 0.00e+0 | U5: 0.00e+0 | V5: 7.24e+2 | W5: 1.67e+1 | X5: -8.35e+0
B6: =K6 -> Changement climatique - occupation des sols et transformation de l'occupation des sols (kg CO2 eq.) | C6: =E6 -> 0.108 | D6: =H6 -> -0.0601 | E6: =VALUE(F6) -> 0.108 | F6: =REPLACE(W6,G6,1,",") -> 1,08e-1 | G6: =SEARCH(".",W6) -> 2 | H6: =VALUE(I6) -> -0.0601 | I6: =REPLACE(X6,J6,1,",") -> -6,01e-2 | J6: =SEARCH(".",X6) -> 3 | K6: Changement climatique - occupation des sols et transformation de l'occupation des sols (kg CO2 eq.) | L6: 1.03e-1 | M6: 4.60e-4 | N6: 0.00e+0 | O6: 0.00e+0 | P6: 0.00e+0 | Q6: 0.00e+0 | R6: 0.00e+0 | S6: 0.00e+0 | T6: 0.00e+0 | U6: 0.00e+0 | V6: 4.38e-3 | W6: 1.08e-1 | X6: -6.01e-2
K7: cherche point | L7: =SEARCH(".",L3) -> 3 | M7: =SEARCH(".",M3) -> 2 | N7: =SEARCH(".",N3) -> 2 | O7: =SEARCH(".",O3) -> 2 | P7: =SEARCH(".",P3) -> 2 | Q7: =SEARCH(".",Q3) -> 2 | R7: =SEARCH(".",R3) -> 2 | S7: =SEARCH(".",S3) -> 2 | ... X7: =SEARCH(".",X3) -> 3
K8: cherche point | L8: =SEARCH(".",L4) -> 2 | M8: =SEARCH(".",M4) -> 2 | N8: =SEARCH(".",N4) -> 2 | O8: =SEARCH(".",O4) -> 2 | P8: =SEARCH(".",P4) -> 2 | Q8: =SEARCH(".",Q4) -> 2 | R8: =SEARCH(".",R4) -> 2 | S8: =SEARCH(".",S4) -> 2 | ... X8: =SEARCH(".",X4) -> 3
K9: cherche point | L9: =SEARCH(".",L5) -> 3 | M9: =SEARCH(".",M5) -> 2 | N9: =SEARCH(".",N5) -> 2 | O9: =SEARCH(".",O5) -> 2 | P9: =SEARCH(".",P5) -> 2 | Q9: =SEARCH(".",Q5) -> 2 | R9: =SEARCH(".",R5) -> 2 | S9: =SEARCH(".",S5) -> 2 | ... X9: =SEARCH(".",X5) -> 3
K10: cherche point | L10: =SEARCH(".",L6) -> 2 | M10: =SEARCH(".",M6) -> 2 | N10: =SEARCH(".",N6) -> 2 | O10: =SEARCH(".",O6) -> 2 | P10: =SEARCH(".",P6) -> 2 | Q10: =SEARCH(".",Q6) -> 2 | R10: =SEARCH(".",R6) -> 2 | S10: =SEARCH(".",S6) -> 2 | ... X10: =SEARCH(".",X6) -> 3
K11: "." -> "," | L11: =REPLACE(L3,L7,1,",") -> -6,04e+2 | M11: =REPLACE(M3,M7,1,",") -> 1,38e+1 | N11: =REPLACE(N3,N7,1,",") -> 0,00e+0 | O11: =REPLACE(O3,O7,1,",") -> 0,00e+0 | P11: =REPLACE(P3,P7,1,",") -> 0,00e+0 | Q11: =REPLACE(Q3,Q7,1,",") -> 0,00e+0 | R11: =REPLACE(R3,R7,1,",") -> 0,00e+0 | S11: =REPLACE(S3,S7,1,",") -> 0,00e+0 | ... X11: =REPLACE(X3,X7,1,",") -> -2,33e+2
K12: "." -> "," | L12: =REPLACE(L4,L8,1,",") -> 1,03e+2 | M12: =REPLACE(M4,M8,1,",") -> 1,35e+1 | N12: =REPLACE(N4,N8,1,",") -> 0,00e+0 | O12: =REPLACE(O4,O8,1,",") -> 0,00e+0 | P12: =REPLACE(P4,P8,1,",") -> 0,00e+0 | Q12: =REPLACE(Q4,Q8,1,",") -> 0,00e+0 | R12: =REPLACE(R4,R8,1,",") -> 0,00e+0 | S12: =REPLACE(S4,S8,1,",") -> 0,00e+0 | ... X12: =REPLACE(X4,X8,1,",") -> -2,25e+2
K13: "." -> "," | L13: =REPLACE(L5,L9,1,",") -> -7,08e+2 | M13: =REPLACE(M5,M9,1,",") -> 3,06e-1 | N13: =REPLACE(N5,N9,1,",") -> 0,00e+0 | O13: =REPLACE(O5,O9,1,",") -> 0,00e+0 | P13: =REPLACE(P5,P9,1,",") -> 0,00e+0 | Q13: =REPLACE(Q5,Q9,1,",") -> 0,00e+0 | R13: =REPLACE(R5,R9,1,",") -> 0,00e+0 | S13: =REPLACE(S5,S9,1,",") -> 0,00e+0 | ... X13: =REPLACE(X5,X9,1,",") -> -8,35e+0
K14: "." -> "," | L14: =REPLACE(L6,L10,1,",") -> 1,03e-1 | M14: =REPLACE(M6,M10,1,",") -> 4,60e-4 | N14: =REPLACE(N6,N10,1,",") -> 0,00e+0 | O14: =REPLACE(O6,O10,1,",") -> 0,00e+0 | P14: =REPLACE(P6,P10,1,",") -> 0,00e+0 | Q14: =REPLACE(Q6,Q10,1,",") -> 0,00e+0 | R14: =REPLACE(R6,R10,1,",") -> 0,00e+0 | S14: =REPLACE(S6,S10,1,",") -> 0,00e+0 | ... X14: =REPLACE(X6,X10,1,",") -> -6,01e-2
K15: Chiffres | L15: =VALUE(L11) -> -604 | M15: =VALUE(M11) -> 13.8 | N15: =VALUE(N11) -> 0 | O15: =VALUE(O11) -> 0 | P15: =VALUE(P11) -> 0 | Q15: =VALUE(Q11) -> 0 | R15: =VALUE(R11) -> 0 | S15: =VALUE(S11) -> 0 | ... X15: =VALUE(X11) -> -233
K16: Chiffres | L16: =VALUE(L12) -> 103 | M16: =VALUE(M12) -> 13.5 | N16: =VALUE(N12) -> 0 | O16: =VALUE(O12) -> 0 | P16: =VALUE(P12) -> 0 | Q16: =VALUE(Q12) -> 0 | R16: =VALUE(R12) -> 0 | S16: =VALUE(S12) -> 0 | ... X16: =VALUE(X12) -> -225
K17: Chiffres | L17: =VALUE(L13) -> -708 | M17: =VALUE(M13) -> 0.306 | N17: =VALUE(N13) -> 0 | O17: =VALUE(O13) -> 0 | P17: =VALUE(P13) -> 0 | Q17: =VALUE(Q13) -> 0 | R17: =VALUE(R13) -> 0 | S17: =VALUE(S13) -> 0 | ... X17: =VALUE(X13) -> -8.35
K18: Chiffres | L18: =VALUE(L14) -> 0.103 | M18: =VALUE(M14) -> 0.00046 | N18: =VALUE(N14) -> 0 | O18: =VALUE(O14) -> 0 | P18: =VALUE(P14) -> 0 | Q18: =VALUE(Q14) -> 0 | R18: =VALUE(R14) -> 0 | S18: =VALUE(S14) -> 0 | ... X18: =VALUE(X14) -> -0.0601
L23: Total | M23: Fossil | N23: Biogénique | O23: Occupation sols
K24: 0 | L24: 0 | M24: 0 | N24: 0 | O24: 0
K25: 1 | L25: =L15+M15 -> -590.2 | M25: =L16+M16 -> 116.5 | N25: =L17+M17 -> -707.694 | O25: =L18+M18 -> 0.10346
K26: 49 | L26: =L25 -> -590.2 | M26: =M25 -> 116.5 | N26: =N25 -> -707.694 | O26: =O25 -> 0.10346
K27: 50 | L27: =V15+L26 -> 167.8 | M27: =V16+M26 -> 149.8 | N27: =V17+N26 -> 16.306 | O27: =V18+O26 -> 0.10784

Sheet Calcul +A2
C1: ALPHA= | D1: =QUOTIENT('Calcul +A2'!J1,M1) -> 0 | F1: Futil= | G1: =('Calcul +A2'!J1/M1)-'Calcul +A2'!D1 -> 0.5 | I1: PER = | J1: 50 | K1: ans | L1: DVE= | M1: ='Interface +A2'!C4 -> 100 | N1: ans
C3: Année | D3: 0 | E3: 1 | F3: 2 | G3: 3 | H3: 4 | I3: 5 | J3: 6 | K3: 7 | L3: 8 | M3: 9 | N3: 10 | O3: 11 | P3: 12 | Q3: 13 | R3: 14 | S3: 15 | T3: 16 | U3: 17 | V3: 18 | W3: 19 | X3: 20 | Y3: 21 | Z3: 22 | AA3: 23 | AB3: 24 | AC3: 25 | AD3: 26 | AE3: 27 | AF3: 28 | AG3: 29 | AH3: 30 | AI3: 31 | AJ3: 32 | AK3: 33 | AL3: 34 | AM3: 35 | AN3: 36 | AO3: 37 | AP3: 38 | AQ3: 39 | AR3: 40 | AS3: 41 | AT3: 42 | AU3: 43 | AV3: 44 | AW3: 45 | AX3: 46 | AY3: 47 | AZ3: 48 | BA3: 49 | BB3: 50
C4: Coef dyn. Art. 11 | D4: ='Art. 11'!E7 -> 1 | E4: ='Art. 11'!F7 -> 0.992 | F4: ='Art. 11'!G7 -> 0.984 | G4: ='Art. 11'!H7 -> 0.976 | H4: ='Art. 11'!I7 -> 0.969 | I4: ='Art. 11'!J7 -> 0.961 | J4: ='Art. 11'!K7 -> 0.953 | K4: ='Art. 11'!L7 -> 0.945 | ... BB4: ='Art. 11'!BC7 -> 0.578
C5: Statique | D5: ='Interface +A2'!C19+'Interface +A2'!D19 -> -590.2 | E5: ='Interface +A2'!$E$19/$M$1 -> 0 | F5: ='Interface +A2'!$E$19/$M$1 -> 0 | G5: ='Interface +A2'!$E$19/$M$1 -> 0 | H5: ='Interface +A2'!$E$19/$M$1 -> 0 | I5: ='Interface +A2'!$E$19/$M$1 -> 0 | J5: ='Interface +A2'!$E$19/$M$1 -> 0 | K5: ='Interface +A2'!$E$19/$M$1 -> 0 | L5: ='Interface +A2'!$E$19/$M$1 -> 0 | ... BA5: ='Interface +A2'!$E$19/$M$1 -> 0 | BB5: =('Interface +A2'!$E$19/M1)+'Interface +A2'!F19+'Interface +A2'!H19 -> 525
C6: Dynamique | D6: =D5*D4 -> -590.2 | E6: =E5*E4 -> 0 | F6: =F5*F4 -> 0 | G6: =G5*G4 -> 0 | H6: =H5*H4 -> 0 | I6: =I5*I4 -> 0 | J6: =J5*J4 -> 0 | K6: =K5*K4 -> 0 | ... BB6: =BB5*BB4 -> 303.45
C7: renouvellement ? (oui/non) | E7: =IF(MOD(E3,$M$1)=0,1,0) -> 0 | F7: =IF(MOD(F3,$M$1)=0,1,0) -> 0 | G7: =IF(MOD(G3,$M$1)=0,1,0) -> 0 | H7: =IF(MOD(H3,$M$1)=0,1,0) -> 0 | I7: =IF(MOD(I3,$M$1)=0,1,0) -> 0 | J7: =IF(MOD(J3,$M$1)=0,1,0) -> 0 | K7: =IF(MOD(K3,$M$1)=0,1,0) -> 0 | L7: =IF(MOD(L3,$M$1)=0,1,0) -> 0 | ... BB7: =IF(MOD(BB3,$M$1)=0,1,0) -> 0
C8: relicat ? (1/Valeur) | E8: =IF($D$1=0,1,IF(MOD(E3,$M$1*$D$1)=0,$G$1,1)) -> 1 | F8: =IF($D$1=0,1,IF(MOD(F3,$M$1*$D$1)=0,$G$1,1)) -> 1 | G8: =IF($D$1=0,1,IF(MOD(G3,$M$1*$D$1)=0,$G$1,1)) -> 1 | H8: =IF($D$1=0,1,IF(MOD(H3,$M$1*$D$1)=0,$G$1,1)) -> 1 | I8: =IF($D$1=0,1,IF(MOD(I3,$M$1*$D$1)=0,$G$1,1)) -> 1 | J8: =IF($D$1=0,1,IF(MOD(J3,$M$1*$D$1)=0,$G$1,1)) -> 1 | K8: =IF($D$1=0,1,IF(MOD(K3,$M$1*$D$1)=0,$G$1,1)) -> 1 | L8: =IF($D$1=0,1,IF(MOD(L3,$M$1*$D$1)=0,$G$1,1)) -> 1 | ... BB8: =IF($D$1=0,1,IF(MOD(BB3,$M$1*$D$1)=0,$G$1,1)) -> 1
C9: Statique | D9: =D7*('Interface +A2'!$C$19+'Interface +A2'!$D$19+'Interface +A2'!$F$19) -> 0 | E9: =E7*('Interface +A2'!$C$19+'Interface +A2'!$D$19+'Interface +A2'!$F$19)*E8 -> 0 | F9: =F7*('Interface +A2'!$C$19+'Interface +A2'!$D$19+'Interface +A2'!$F$19)*F8 -> 0 | G9: =G7*('Interface +A2'!$C$19+'Interface +A2'!$D$19+'Interface +A2'!$F$19)*G8 -> 0 | H9: =H7*('Interface +A2'!$C$19+'Interface +A2'!$D$19+'Interface +A2'!$F$19)*H8 -> 0 | I9: =I7*('Interface +A2'!$C$19+'Interface +A2'!$D$19+'Interface +A2'!$F$19)*I8 -> 0 | J9: =J7*('Interface +A2'!$C$19+'Interface +A2'!$D$19+'Interface +A2'!$F$19)*J8 -> 0 | K9: =K7*('Interface +A2'!$C$19+'Interface +A2'!$D$19+'Interface +A2'!$F$19)*K8 -> 0 | L9: =L7*('Interface +A2'!$C$19+'Interface +A2'!$D$19+'Interface +A2'!$F$19)*L8 -> 0 | ... BB9: =BB7*('Interface +A2'!$C$19+'Interface +A2'!$D$19+'Interface +A2'!$F$19)*BB8 -> 0
C10: Dynamique | D10: =D9*D4 -> 0 | E10: =E9*E4 -> 0 | F10: =F9*F4 -> 0 | G10: =G9*G4 -> 0 | H10: =H9*H4 -> 0 | I10: =I9*I4 -> 0 | J10: =J9*J4 -> 0 | K10: =K9*K4 -> 0 | ... BB10: =BB9*BB4 -> 0
B11: =SUM(D11:BB11) -> -286.75 | C11: TOTAL | D11: =D10+D6 -> -590.2 | E11: =E10+E6 -> 0 | F11: =F10+F6 -> 0 | G11: =G10+G6 -> 0 | H11: =H10+H6 -> 0 | I11: =I10+I6 -> 0 | J11: =J10+J6 -> 0 | K11: =K10+K6 -> 0 | ... BB11: =BB10+BB6 -> 303.45
B12: =SUM(D12:BB12) -> 0 | C12: Mod D Renouv ? | E12: =E7*('Interface +A2'!$H$19)*E8*E4 -> 0 | F12: =F7*('Interface +A2'!$H$19)*F8*F4 -> 0 | G12: =G7*('Interface +A2'!$H$19)*G8*G4 -> 0 | H12: =H7*('Interface +A2'!$H$19)*H8*H4 -> 0 | I12: =I7*('Interface +A2'!$H$19)*I8*I4 -> 0 | J12: =J7*('Interface +A2'!$H$19)*J8*J4 -> 0 | K12: =K7*('Interface +A2'!$H$19)*K8*K4 -> 0 | L12: =L7*('Interface +A2'!$H$19)*L8*L4 -> 0 | ... BB12: =BB7*('Interface +A2'!$H$19)*BB8*BB4 -> 0
B13: =SUM(B11:B12) -> -286.75 | C13: TOTAL + ModD
C14: Page 65 | O14: Page 66
